config	extra_rOut_up	extra_rOut_dn	extra_halfThickness_up	extra_halfThickness_dn	extra_rIn_up	extra_rIn_dn	sob	calo	alpha	obj
foilsY01R00_02	213.6706	50.0000	0.050000	0.526560	0.0000	0.0000	3.33000	1.98116e-05	100000.000	1.34884
foilsY01R00_00	250.0000	50.0000	0.146344	0.050000	0.0000	0.0000	2.81000	1.51974e-05	100000.000	1.29026
foilsY01R00_01	187.1855	50.0000	0.116059	0.050000	0.0000	0.0000	3.21000	1.68797e-05	100000.000	1.52203
foilsY02R00_02	143.3157	250.0000	0.050000	0.050000	23.9643	0.0000	3.55000	1.83953e-05	100000.000	1.71047
foilsY02R01_00	142.5667	168.7693	0.050000	1.000000	0.0000	50.0000	2.30000	1.22600e-05	100000.000	1.07400
foilsY02R01_02	110.1818	241.0060	0.063790	1.000000	0.0000	50.0000	1.81000	5.70063e-06	100000.000	1.23994
